file,dice,iou,precision,recall,vol_diff,conf_mean,conf_ratio
"('case_001.h5', 'case_001.h5', 'case_001.h5', 'case_001.h5', 'case_001.h5', 'case_001.h5', 'case_001.h5', 'case_001.h5', 'case_001.h5', 'case_001.h5', 'case_001.h5', 'case_001.h5', 'case_001.h5', 'case_001.h5', 'case_001.h5', 'case_001.h5')",0.6666666668588074,0.6666666668588074,1.0,0.6666666668588074,0.3333333331411926,0.95745826,0.9985920588175455
"('case_001.h5', 'case_001.h5', 'case_001.h5', 'case_001.h5', 'case_001.h5', 'case_001.h5', 'case_001.h5', 'case_001.h5', 'case_001.h5')",1.0,1.0,1.0,1.0,0.0,0.9562976,0.9886610243055556
